{"train/loss": 5.8906, "train/learning_rate": 4.651162790697674e-05, "train/epoch": 0.0, "train/global_step": 13, "_timestamp": 1697046046.3307524, "_runtime": 30.748862266540527, "_step": 12}